{"cameraMode":{"drawMode":0,"name":"Shaded","section":"Shading Mode"},"sceneLighting":true,"audioPlay":false,"sceneViewState":{"showFog":true,"showMaterialUpdate":true,"showSkybox":true,"showFlares":true,"showImageEffects":true,"showParticleSystems":true},"in2DMode":false,"pivot":{"x":-31.29314422607422,"y":9.59912395477295,"z":143.25526428222657},"rotation":{"x":-0.02235787734389305,"y":0.856897234916687,"z":-0.03729857876896858,"w":-0.5136498212814331},"size":11.467220306396485,"orthographic":false}